{
  "trained_at_utc": "2026-05-27T17:30:40.105481+00:00",
  "zones": {
    "SE1": {
      "cv_mean_mae": 27.131355262491475,
      "cv_mean_rmse": 32.71475420049145,
      "cv_std_mae": 34.92268887253839,
      "train_rows": 1248,
      "test_rows": 168,
      "n_features": 98
    },
    "SE2": {
      "cv_mean_mae": 27.131355262491475,
      "cv_mean_rmse": 32.71475420049145,
      "cv_std_mae": 34.92268887253839,
      "train_rows": 1248,
      "test_rows": 168,
      "n_features": 98
    },
    "SE3": {
      "cv_mean_mae": 27.131355262491475,
      "cv_mean_rmse": 32.71475420049145,
      "cv_std_mae": 34.92268887253839,
      "train_rows": 1248,
      "test_rows": 168,
      "n_features": 98
    },
    "SE4": {
      "cv_mean_mae": 27.131355262491475,
      "cv_mean_rmse": 32.71475420049145,
      "cv_std_mae": 34.92268887253839,
      "train_rows": 1248,
      "test_rows": 168,
      "n_features": 98
    }
  }
}